id,flower_class
Image_747.jpg,rose
Image_561.jpg,daisy
Image_345.jpg,daisy
Image_844.jpg,rose
Image_270.jpg,sunflower
Image_526.jpg,daisy
Image_322.jpg,dandelion
Image_860.jpg,rose
Image_574.jpg,tulip
Image_879.jpg,sunflower
Image_22.jpg,rose
Image_486.jpg,rose
Image_608.jpg,rose
Image_592.jpg,dandelion
Image_352.jpg,dandelion
Image_687.jpg,daisy
Image_278.jpg,tulip
Image_260.jpg,dandelion
Image_399.jpg,daisy
Image_53.jpg,sunflower
Image_141.jpg,daisy
Image_872.jpg,dandelion
Image_209.jpg,tulip
Image_69.jpg,sunflower
Image_223.jpg,sunflower
Image_754.jpg,rose
Image_725.jpg,daisy
Image_610.jpg,sunflower
Image_344.jpg,sunflower
Image_239.jpg,daisy
Image_793.jpg,rose
Image_68.jpg,dandelion
Image_740.jpg,sunflower
Image_576.jpg,dandelion
Image_363.jpg,dandelion
Image_615.jpg,sunflower
Image_477.jpg,daisy
Image_205.jpg,dandelion
Image_761.jpg,dandelion
Image_756.jpg,rose
Image_175.jpg,sunflower
Image_280.jpg,rose
Image_772.jpg,rose
Image_166.jpg,rose
Image_595.jpg,rose
Image_212.jpg,rose
Image_806.jpg,tulip
Image_396.jpg,dandelion
Image_912.jpg,rose
Image_388.jpg,tulip
Image_365.jpg,sunflower
Image_914.jpg,dandelion
Image_215.jpg,dandelion
Image_516.jpg,rose
Image_667.jpg,dandelion
Image_771.jpg,dandelion
Image_891.jpg,daisy
Image_515.jpg,daisy
Image_669.jpg,sunflower
Image_546.jpg,rose
Image_242.jpg,daisy
Image_381.jpg,dandelion
Image_607.jpg,rose
Image_374.jpg,daisy
Image_563.jpg,daisy
Image_598.jpg,sunflower
Image_511.jpg,daisy
Image_744.jpg,dandelion
Image_313.jpg,dandelion
Image_459.jpg,rose
Image_517.jpg,tulip
Image_153.jpg,tulip
Image_488.jpg,rose
Image_775.jpg,tulip
Image_749.jpg,tulip
Image_273.jpg,rose
Image_266.jpg,daisy
Image_423.jpg,sunflower
Image_801.jpg,dandelion
Image_661.jpg,daisy
Image_572.jpg,dandelion
Image_733.jpg,daisy
Image_176.jpg,dandelion
Image_908.jpg,sunflower
Image_655.jpg,daisy
Image_364.jpg,sunflower
Image_51.jpg,daisy
Image_604.jpg,daisy
Image_633.jpg,sunflower
Image_178.jpg,dandelion
Image_626.jpg,tulip
Image_839.jpg,daisy
Image_897.jpg,sunflower
Image_798.jpg,sunflower
Image_219.jpg,daisy
Image_638.jpg,rose
Image_888.jpg,rose
Image_88.jpg,rose
Image_377.jpg,tulip
Image_132.jpg,dandelion
Image_496.jpg,dandelion
Image_721.jpg,tulip
Image_548.jpg,rose
Image_846.jpg,tulip
Image_456.jpg,tulip
Image_508.jpg,dandelion
Image_330.jpg,daisy
Image_830.jpg,dandelion
Image_389.jpg,tulip
Image_361.jpg,tulip
Image_920.jpg,daisy
Image_247.jpg,tulip
Image_800.jpg,daisy
Image_819.jpg,rose
Image_699.jpg,tulip
Image_802.jpg,daisy
Image_4.jpg,daisy
Image_481.jpg,daisy
Image_743.jpg,daisy
Image_820.jpg,rose
Image_398.jpg,tulip
Image_713.jpg,rose
Image_500.jpg,dandelion
Image_505.jpg,dandelion
Image_75.jpg,daisy
Image_124.jpg,dandelion
Image_353.jpg,tulip
Image_520.jpg,dandelion
Image_602.jpg,tulip
Image_180.jpg,dandelion
Image_665.jpg,daisy
Image_179.jpg,sunflower
Image_808.jpg,sunflower
Image_635.jpg,dandelion
Image_12.jpg,daisy
Image_16.jpg,daisy
Image_200.jpg,sunflower
Image_338.jpg,daisy
Image_125.jpg,dandelion
Image_335.jpg,tulip
Image_849.jpg,dandelion
Image_300.jpg,tulip
Image_474.jpg,daisy
Image_599.jpg,sunflower
Image_383.jpg,dandelion
Image_719.jpg,dandelion
Image_419.jpg,dandelion
Image_727.jpg,dandelion
Image_158.jpg,daisy
Image_703.jpg,sunflower
Image_499.jpg,daisy
Image_736.jpg,dandelion
Image_72.jpg,tulip
Image_923.jpg,dandelion
Image_445.jpg,rose
Image_323.jpg,sunflower
Image_58.jpg,tulip
Image_559.jpg,rose
Image_827.jpg,tulip
Image_650.jpg,sunflower
Image_62.jpg,dandelion
Image_882.jpg,sunflower
Image_627.jpg,rose
Image_639.jpg,sunflower
Image_2.jpg,sunflower
Image_45.jpg,rose
Image_777.jpg,tulip
Image_453.jpg,dandelion
Image_274.jpg,rose
Image_866.jpg,sunflower
Image_693.jpg,rose
Image_672.jpg,daisy
Image_198.jpg,sunflower
Image_536.jpg,dandelion
Image_110.jpg,rose
Image_507.jpg,daisy
Image_530.jpg,daisy
Image_7.jpg,dandelion
Image_646.jpg,rose
Image_404.jpg,rose
Image_149.jpg,dandelion
Image_780.jpg,tulip
Image_738.jpg,rose
Image_434.jpg,dandelion
Image_85.jpg,dandelion
Image_107.jpg,sunflower
Image_694.jpg,sunflower
Image_340.jpg,rose
Image_65.jpg,rose
Image_919.jpg,tulip
Image_484.jpg,tulip
Image_5.jpg,tulip
Image_859.jpg,daisy
Image_821.jpg,daisy
Image_86.jpg,dandelion
Image_116.jpg,sunflower
Image_245.jpg,sunflower
Image_432.jpg,tulip
Image_543.jpg,tulip
Image_99.jpg,sunflower
Image_395.jpg,sunflower
Image_894.jpg,tulip
Image_36.jpg,daisy
Image_580.jpg,sunflower
Image_857.jpg,dandelion
Image_710.jpg,daisy
Image_265.jpg,dandelion
Image_810.jpg,dandelion
Image_569.jpg,rose
Image_745.jpg,sunflower
Image_18.jpg,tulip
Image_33.jpg,daisy
Image_384.jpg,daisy
Image_407.jpg,rose
Image_885.jpg,sunflower
Image_286.jpg,rose
Image_339.jpg,tulip
Image_413.jpg,rose
Image_19.jpg,dandelion
Image_227.jpg,dandelion
Image_688.jpg,tulip
Image_327.jpg,daisy
Image_427.jpg,tulip
Image_726.jpg,sunflower
Image_311.jpg,sunflower
Image_581.jpg,daisy
Image_637.jpg,rose
Image_467.jpg,daisy
Image_31.jpg,dandelion
Image_105.jpg,tulip
Image_231.jpg,sunflower
Image_27.jpg,daisy
Image_66.jpg,dandelion
Image_444.jpg,tulip
Image_248.jpg,daisy
Image_873.jpg,rose
Image_856.jpg,dandelion
Image_61.jpg,tulip
Image_172.jpg,daisy
Image_491.jpg,tulip
Image_301.jpg,daisy
Image_310.jpg,sunflower
Image_440.jpg,dandelion
Image_92.jpg,sunflower
Image_594.jpg,dandelion
Image_831.jpg,rose
Image_325.jpg,tulip
Image_458.jpg,daisy
Image_224.jpg,tulip
Image_853.jpg,dandelion
Image_271.jpg,tulip
Image_514.jpg,tulip
Image_439.jpg,daisy
Image_319.jpg,daisy
Image_680.jpg,rose
Image_417.jpg,sunflower
Image_473.jpg,daisy
Image_154.jpg,dandelion
Image_868.jpg,sunflower
Image_578.jpg,dandelion
Image_613.jpg,dandelion
Image_785.jpg,rose
Image_367.jpg,dandelion
Image_11.jpg,sunflower
Image_359.jpg,tulip
Image_39.jpg,rose
Image_876.jpg,daisy
Image_251.jpg,dandelion
Image_588.jpg,daisy
Image_921.jpg,sunflower
Image_662.jpg,daisy
Image_237.jpg,sunflower
Image_658.jpg,daisy
Image_675.jpg,sunflower
Image_901.jpg,dandelion
Image_643.jpg,daisy
Image_624.jpg,dandelion
Image_803.jpg,tulip
Image_293.jpg,sunflower
Image_256.jpg,dandelion
Image_539.jpg,tulip
Image_74.jpg,sunflower
Image_79.jpg,tulip
Image_606.jpg,rose
Image_834.jpg,tulip
Image_673.jpg,dandelion
Image_421.jpg,daisy
Image_492.jpg,sunflower
Image_625.jpg,rose
Image_586.jpg,tulip
Image_129.jpg,daisy
Image_26.jpg,dandelion
Image_587.jpg,tulip
Image_789.jpg,dandelion
Image_356.jpg,daisy
Image_902.jpg,daisy
Image_275.jpg,sunflower
Image_360.jpg,tulip
Image_429.jpg,tulip
Image_28.jpg,sunflower
Image_44.jpg,rose
Image_841.jpg,daisy
Image_660.jpg,tulip
Image_257.jpg,dandelion
Image_452.jpg,dandelion
Image_729.jpg,rose
Image_357.jpg,dandelion
Image_250.jpg,daisy
Image_14.jpg,rose
Image_521.jpg,dandelion
Image_214.jpg,daisy
Image_865.jpg,daisy
Image_382.jpg,rose
Image_605.jpg,tulip
Image_378.jpg,tulip
Image_773.jpg,sunflower
Image_48.jpg,sunflower
Image_354.jpg,tulip
Image_233.jpg,sunflower
Image_41.jpg,dandelion
Image_776.jpg,dandelion
Image_10.jpg,dandelion
Image_461.jpg,daisy
Image_838.jpg,tulip
Image_833.jpg,daisy
Image_81.jpg,daisy
Image_842.jpg,sunflower
Image_347.jpg,tulip
Image_289.jpg,tulip
Image_537.jpg,daisy
Image_117.jpg,tulip
Image_317.jpg,sunflower
Image_283.jpg,sunflower
Image_714.jpg,dandelion
Image_234.jpg,dandelion
Image_47.jpg,sunflower
Image_164.jpg,dandelion
Image_907.jpg,daisy
Image_593.jpg,sunflower
Image_545.jpg,daisy
Image_139.jpg,tulip
Image_155.jpg,tulip
Image_371.jpg,daisy
Image_653.jpg,sunflower
Image_664.jpg,sunflower
Image_307.jpg,tulip
Image_791.jpg,tulip
Image_909.jpg,daisy
Image_409.jpg,daisy
Image_470.jpg,tulip
Image_171.jpg,sunflower
Image_848.jpg,sunflower
Image_422.jpg,sunflower
Image_232.jpg,dandelion
Image_547.jpg,sunflower
Image_30.jpg,sunflower
Image_799.jpg,dandelion
Image_767.jpg,daisy
Image_297.jpg,sunflower
Image_333.jpg,tulip
Image_142.jpg,dandelion
Image_893.jpg,daisy
Image_418.jpg,tulip
Image_186.jpg,sunflower
Image_170.jpg,rose
Image_685.jpg,tulip
Image_817.jpg,dandelion
Image_836.jpg,dandelion
Image_851.jpg,rose
Image_697.jpg,daisy
Image_557.jpg,tulip
Image_77.jpg,daisy
Image_796.jpg,sunflower
Image_156.jpg,daisy
Image_648.jpg,tulip
Image_320.jpg,dandelion
Image_59.jpg,sunflower
Image_659.jpg,rose
Image_786.jpg,rose
Image_676.jpg,dandelion
Image_550.jpg,rose
Image_622.jpg,daisy
Image_812.jpg,sunflower
Image_603.jpg,sunflower
Image_502.jpg,tulip
Image_435.jpg,tulip
Image_405.jpg,daisy
Image_119.jpg,tulip
Image_341.jpg,sunflower
Image_23.jpg,daisy
Image_562.jpg,daisy
Image_728.jpg,daisy
Image_692.jpg,tulip
Image_414.jpg,dandelion
Image_918.jpg,daisy
Image_106.jpg,tulip
Image_312.jpg,daisy
Image_60.jpg,sunflower
Image_527.jpg,tulip
Image_741.jpg,tulip
Image_746.jpg,dandelion
Image_277.jpg,daisy
Image_334.jpg,dandelion
Image_702.jpg,rose
Image_101.jpg,sunflower
Image_818.jpg,daisy
Image_336.jpg,tulip
Image_63.jpg,dandelion
Image_34.jpg,tulip
Image_709.jpg,rose
Image_525.jpg,rose
Image_331.jpg,dandelion
Image_190.jpg,tulip
Image_94.jpg,sunflower
Image_144.jpg,rose
Image_875.jpg,dandelion
Image_50.jpg,daisy
Image_762.jpg,rose
Image_438.jpg,tulip
Image_109.jpg,dandelion
Image_506.jpg,dandelion
Image_298.jpg,dandelion
Image_752.jpg,rose
Image_582.jpg,sunflower
Image_204.jpg,dandelion
Image_329.jpg,tulip
Image_104.jpg,daisy
Image_32.jpg,tulip
Image_288.jpg,rose
Image_630.jpg,daisy
Image_678.jpg,tulip
Image_575.jpg,daisy
Image_916.jpg,dandelion
Image_535.jpg,daisy
Image_654.jpg,daisy
Image_362.jpg,dandelion
Image_446.jpg,tulip
Image_478.jpg,daisy
Image_663.jpg,daisy
Image_832.jpg,sunflower
Image_689.jpg,rose
Image_454.jpg,dandelion
Image_70.jpg,rose
Image_911.jpg,tulip
Image_83.jpg,tulip
Image_406.jpg,sunflower
Image_915.jpg,daisy
Image_858.jpg,daisy
Image_448.jpg,dandelion
Image_258.jpg,daisy
Image_679.jpg,daisy
Image_770.jpg,rose
Image_904.jpg,dandelion
Image_152.jpg,daisy
Image_145.jpg,dandelion
Image_351.jpg,dandelion
Image_253.jpg,dandelion
Image_805.jpg,sunflower
Image_400.jpg,sunflower
Image_621.jpg,dandelion
Image_387.jpg,tulip
Image_346.jpg,daisy
Image_184.jpg,tulip
Image_657.jpg,tulip
Image_263.jpg,dandelion
Image_98.jpg,sunflower
Image_366.jpg,sunflower
Image_787.jpg,tulip
Image_403.jpg,tulip
Image_701.jpg,dandelion
Image_758.jpg,sunflower
Image_552.jpg,rose
Image_208.jpg,tulip
Image_466.jpg,daisy
Image_118.jpg,tulip
Image_765.jpg,daisy
Image_717.jpg,dandelion
Image_829.jpg,daisy
Image_809.jpg,tulip
Image_790.jpg,dandelion
Image_549.jpg,daisy
Image_431.jpg,sunflower
Image_254.jpg,rose
Image_21.jpg,daisy
Image_411.jpg,sunflower
Image_197.jpg,sunflower
Image_781.jpg,tulip
Image_611.jpg,sunflower
Image_442.jpg,daisy
Image_479.jpg,daisy
Image_246.jpg,daisy
Image_210.jpg,daisy
Image_753.jpg,daisy
Image_903.jpg,sunflower
Image_252.jpg,sunflower
Image_794.jpg,dandelion
Image_95.jpg,daisy
Image_93.jpg,tulip
Image_554.jpg,daisy
Image_240.jpg,daisy
Image_769.jpg,tulip
Image_890.jpg,dandelion
Image_131.jpg,daisy
Image_314.jpg,daisy
Image_25.jpg,sunflower
Image_238.jpg,sunflower
Image_881.jpg,tulip
Image_220.jpg,rose
Image_905.jpg,daisy
Image_450.jpg,tulip
Image_542.jpg,daisy
Image_763.jpg,tulip
Image_884.jpg,dandelion
Image_651.jpg,tulip
Image_815.jpg,dandelion
Image_326.jpg,sunflower
Image_887.jpg,dandelion
Image_17.jpg,daisy
Image_259.jpg,tulip
Image_644.jpg,rose
Image_244.jpg,rose
Image_750.jpg,dandelion
Image_811.jpg,sunflower
Image_628.jpg,daisy
Image_877.jpg,dandelion
Image_386.jpg,rose
Image_670.jpg,dandelion
Image_196.jpg,sunflower
Image_734.jpg,rose
Image_160.jpg,daisy
Image_183.jpg,daisy
Image_682.jpg,daisy
Image_87.jpg,tulip
Image_241.jpg,tulip
Image_391.jpg,sunflower
Image_261.jpg,tulip
Image_136.jpg,dandelion
Image_96.jpg,rose
Image_647.jpg,tulip
Image_512.jpg,daisy
Image_379.jpg,sunflower
Image_723.jpg,dandelion
Image_469.jpg,sunflower
Image_529.jpg,daisy
Image_309.jpg,tulip
Image_612.jpg,tulip
Image_15.jpg,tulip
Image_165.jpg,tulip
Image_217.jpg,daisy
Image_718.jpg,daisy
Image_402.jpg,rose
Image_401.jpg,dandelion
Image_862.jpg,sunflower
Image_292.jpg,dandelion
Image_472.jpg,sunflower
Image_616.jpg,dandelion
Image_188.jpg,sunflower
Image_668.jpg,rose
Image_54.jpg,dandelion
Image_410.jpg,dandelion
Image_122.jpg,tulip
Image_567.jpg,dandelion
Image_449.jpg,dandelion
Image_784.jpg,daisy
Image_90.jpg,tulip
Image_898.jpg,dandelion
Image_640.jpg,dandelion
Image_579.jpg,dandelion
Image_731.jpg,sunflower
Image_225.jpg,dandelion
Image_1.jpg,sunflower
Image_324.jpg,tulip
Image_147.jpg,dandelion
Image_623.jpg,rose
Image_189.jpg,daisy
Image_523.jpg,sunflower
Image_342.jpg,sunflower
Image_795.jpg,sunflower
Image_666.jpg,tulip
Image_282.jpg,tulip
Image_281.jpg,daisy
Image_601.jpg,daisy
Image_577.jpg,tulip
Image_13.jpg,sunflower
Image_163.jpg,dandelion
Image_636.jpg,tulip
Image_103.jpg,rose
Image_861.jpg,tulip
Image_89.jpg,dandelion
Image_151.jpg,dandelion
Image_585.jpg,tulip
Image_303.jpg,daisy
Image_463.jpg,daisy
Image_43.jpg,daisy
Image_187.jpg,daisy
Image_892.jpg,dandelion
Image_566.jpg,rose
Image_835.jpg,rose
Image_712.jpg,dandelion
Image_583.jpg,tulip
Image_40.jpg,daisy
Image_115.jpg,dandelion
Image_760.jpg,daisy
Image_370.jpg,dandelion
Image_704.jpg,daisy
Image_447.jpg,dandelion
Image_202.jpg,daisy
Image_451.jpg,dandelion
Image_174.jpg,tulip
Image_199.jpg,rose
Image_207.jpg,tulip
Image_368.jpg,sunflower
Image_471.jpg,rose
Image_355.jpg,daisy
Image_814.jpg,rose
Image_634.jpg,daisy
Image_600.jpg,daisy
Image_735.jpg,dandelion
Image_228.jpg,daisy
Image_924.jpg,daisy
Image_778.jpg,tulip
Image_91.jpg,dandelion
Image_462.jpg,daisy
Image_783.jpg,tulip
Image_177.jpg,dandelion
Image_243.jpg,rose
Image_854.jpg,rose
Image_348.jpg,dandelion
Image_913.jpg,sunflower
Image_519.jpg,daisy
Image_900.jpg,dandelion
Image_302.jpg,rose
Image_146.jpg,dandelion
Image_513.jpg,rose
Image_97.jpg,daisy
Image_162.jpg,rose
Image_540.jpg,dandelion
Image_823.jpg,rose
Image_816.jpg,dandelion
Image_203.jpg,rose
Image_390.jpg,sunflower
Image_272.jpg,sunflower
Image_641.jpg,daisy
Image_864.jpg,daisy
Image_895.jpg,sunflower
Image_759.jpg,rose
Image_792.jpg,daisy
Image_847.jpg,dandelion
Image_102.jpg,daisy
Image_194.jpg,rose
Image_899.jpg,daisy
Image_755.jpg,dandelion
Image_290.jpg,tulip
Image_112.jpg,sunflower
Image_397.jpg,tulip
Image_708.jpg,daisy
Image_134.jpg,tulip
Image_870.jpg,tulip
Image_56.jpg,daisy
Image_724.jpg,tulip
Image_385.jpg,tulip
Image_482.jpg,daisy
Image_649.jpg,daisy
Image_425.jpg,rose
Image_504.jpg,rose
Image_121.jpg,daisy
Image_349.jpg,sunflower
Image_436.jpg,daisy
Image_531.jpg,tulip
Image_824.jpg,rose
Image_700.jpg,dandelion
Image_55.jpg,dandelion
Image_375.jpg,dandelion
Image_167.jpg,dandelion
Image_617.jpg,tulip
Image_127.jpg,tulip
Image_235.jpg,tulip
Image_428.jpg,dandelion
Image_78.jpg,dandelion
Image_880.jpg,dandelion
Image_408.jpg,daisy
Image_807.jpg,dandelion
Image_157.jpg,daisy
Image_337.jpg,dandelion
Image_465.jpg,dandelion
Image_538.jpg,tulip
Image_532.jpg,dandelion
Image_476.jpg,dandelion
Image_291.jpg,dandelion
Image_813.jpg,daisy
Image_720.jpg,dandelion
Image_737.jpg,tulip
Image_236.jpg,dandelion
Image_35.jpg,dandelion
Image_133.jpg,sunflower
Image_304.jpg,rose
Image_80.jpg,daisy
Image_168.jpg,rose
Image_553.jpg,dandelion
Image_42.jpg,dandelion
Image_321.jpg,tulip
Image_695.jpg,dandelion
Image_268.jpg,tulip
Image_671.jpg,tulip
Image_533.jpg,daisy
Image_216.jpg,dandelion
Image_684.jpg,daisy
Image_573.jpg,rose
Image_392.jpg,sunflower
Image_138.jpg,dandelion
Image_889.jpg,tulip
Image_711.jpg,dandelion
Image_629.jpg,daisy
Image_393.jpg,dandelion
Image_564.jpg,sunflower
Image_591.jpg,tulip
Image_558.jpg,tulip
Image_568.jpg,sunflower
Image_716.jpg,daisy
Image_828.jpg,tulip
Image_8.jpg,daisy
Image_498.jpg,daisy
Image_896.jpg,rose
Image_455.jpg,sunflower
Image_706.jpg,sunflower
Image_279.jpg,tulip
Image_169.jpg,sunflower
Image_276.jpg,rose
Image_213.jpg,rose
Image_294.jpg,rose
Image_497.jpg,daisy
Image_843.jpg,dandelion
Image_917.jpg,tulip
Image_742.jpg,tulip
Image_764.jpg,tulip
Image_161.jpg,tulip
Image_443.jpg,rose
Image_681.jpg,daisy
Image_296.jpg,dandelion
Image_645.jpg,dandelion
Image_84.jpg,tulip
Image_464.jpg,dandelion
Image_287.jpg,tulip
Image_201.jpg,dandelion
Image_38.jpg,daisy
Image_485.jpg,rose
Image_774.jpg,tulip
Image_67.jpg,daisy
Image_489.jpg,sunflower
Image_328.jpg,dandelion
Image_373.jpg,daisy
Image_412.jpg,sunflower
Image_46.jpg,tulip
Image_556.jpg,sunflower
Image_906.jpg,dandelion
Image_518.jpg,dandelion
Image_652.jpg,rose
Image_332.jpg,daisy
Image_49.jpg,sunflower
Image_437.jpg,tulip
Image_3.jpg,daisy
Image_483.jpg,daisy
Image_159.jpg,daisy
Image_475.jpg,tulip
Image_480.jpg,sunflower
Image_193.jpg,dandelion
Image_380.jpg,tulip
Image_837.jpg,rose
Image_698.jpg,dandelion
Image_211.jpg,tulip
Image_460.jpg,dandelion
Image_264.jpg,daisy
Image_350.jpg,sunflower
Image_173.jpg,daisy
Image_524.jpg,tulip
Image_748.jpg,dandelion
Image_143.jpg,daisy
Image_123.jpg,rose
Image_441.jpg,tulip
Image_100.jpg,daisy
Image_420.jpg,daisy
Image_751.jpg,sunflower
Image_221.jpg,sunflower
Image_299.jpg,dandelion
Image_20.jpg,dandelion
Image_871.jpg,dandelion
Image_315.jpg,rose
Image_206.jpg,rose
Image_544.jpg,tulip
Image_284.jpg,tulip
Image_551.jpg,sunflower
Image_509.jpg,daisy
Image_565.jpg,dandelion
Image_222.jpg,rose
Image_691.jpg,tulip
Image_852.jpg,sunflower
Image_358.jpg,dandelion
Image_522.jpg,tulip
Image_148.jpg,rose
Image_677.jpg,tulip
Image_863.jpg,sunflower
Image_305.jpg,dandelion
Image_185.jpg,rose
Image_589.jpg,rose
Image_229.jpg,daisy
Image_394.jpg,daisy
Image_111.jpg,dandelion
Image_490.jpg,sunflower
Image_267.jpg,sunflower
Image_114.jpg,dandelion
Image_195.jpg,tulip
Image_64.jpg,tulip
Image_683.jpg,dandelion
Image_715.jpg,rose
Image_686.jpg,rose
Image_433.jpg,sunflower
Image_656.jpg,daisy
Image_596.jpg,dandelion
Image_705.jpg,rose
Image_295.jpg,tulip
Image_140.jpg,rose
Image_922.jpg,dandelion
Image_426.jpg,daisy
Image_555.jpg,rose
Image_850.jpg,dandelion
Image_52.jpg,dandelion
Image_845.jpg,daisy
Image_874.jpg,sunflower
Image_24.jpg,rose
Image_316.jpg,rose
Image_788.jpg,dandelion
Image_120.jpg,tulip
Image_883.jpg,sunflower
Image_73.jpg,tulip
Image_306.jpg,daisy
Image_707.jpg,dandelion
Image_503.jpg,daisy
Image_614.jpg,dandelion
Image_619.jpg,sunflower
Image_76.jpg,sunflower
Image_108.jpg,daisy
Image_620.jpg,tulip
Image_840.jpg,tulip
Image_690.jpg,dandelion
Image_570.jpg,tulip
Image_696.jpg,tulip
Image_797.jpg,tulip
Image_29.jpg,rose
Image_262.jpg,dandelion
Image_631.jpg,rose
Image_192.jpg,sunflower
Image_822.jpg,daisy
Image_416.jpg,dandelion
Image_181.jpg,daisy
Image_343.jpg,rose
Image_642.jpg,dandelion
Image_609.jpg,rose
Image_757.jpg,daisy
Image_226.jpg,dandelion
Image_487.jpg,dandelion
Image_130.jpg,daisy
Image_430.jpg,dandelion
Image_57.jpg,rose
Image_37.jpg,daisy
Image_308.jpg,dandelion
Image_468.jpg,dandelion
Image_495.jpg,daisy
Image_826.jpg,dandelion
Image_910.jpg,dandelion
Image_269.jpg,tulip
Image_590.jpg,daisy
Image_372.jpg,daisy
Image_6.jpg,daisy
Image_494.jpg,dandelion
Image_113.jpg,daisy
Image_825.jpg,tulip
Image_285.jpg,rose
Image_182.jpg,rose
Image_137.jpg,daisy
Image_732.jpg,daisy
Image_768.jpg,dandelion
Image_722.jpg,dandelion
Image_584.jpg,rose
Image_886.jpg,tulip
Image_126.jpg,daisy
Image_415.jpg,rose
Image_528.jpg,rose
Image_501.jpg,sunflower
Image_739.jpg,dandelion
Image_369.jpg,tulip
Image_128.jpg,tulip
Image_804.jpg,sunflower
Image_9.jpg,sunflower
Image_150.jpg,rose
Image_493.jpg,sunflower
Image_135.jpg,rose
Image_571.jpg,tulip
Image_730.jpg,tulip
Image_618.jpg,rose
Image_867.jpg,dandelion
Image_560.jpg,sunflower
Image_534.jpg,tulip
Image_510.jpg,dandelion
Image_766.jpg,tulip
Image_869.jpg,dandelion
Image_318.jpg,daisy
Image_779.jpg,tulip
Image_249.jpg,daisy
Image_255.jpg,dandelion
Image_424.jpg,dandelion
Image_541.jpg,daisy
Image_782.jpg,rose
Image_674.jpg,rose
Image_597.jpg,tulip
Image_632.jpg,dandelion
Image_376.jpg,dandelion
Image_878.jpg,sunflower
Image_71.jpg,daisy
Image_230.jpg,tulip
Image_855.jpg,daisy
Image_191.jpg,daisy
Image_457.jpg,daisy
Image_82.jpg,tulip
Image_218.jpg,dandelion
